sol,ls,pressure,wind_speed,min_temp,max_temp,avg_temp
1,0.5389221556886228,858.98766766328,3.091310814302183,-57.666649536250524,-12.008956722257619,-34.83780312925407
2,1.0778443113772456,844.0288584370333,3.767907306179049,-58.91509513406463,-10.234987195988476,-34.575041165026555
3,1.6167664670658681,845.1663893588687,2.1986247072995604,-61.16183623735787,-10.151678484588981,-35.65675736097342
4,2.155688622754491,845.7910832557097,3.9298880664310674,-61.438093766762314,-12.439593435989021,-36.938843601375666
5,2.694610778443114,851.8254857528502,2.2025537947562555,-58.303616245664905,-10.707135202043176,-34.505375723854044
6,3.2335329341317363,849.5599222673605,3.62819316237419,-61.630178805560675,-5.83139716064621,-33.73078798310344
7,3.772455089820359,853.5611355869136,3.490305965085897,-57.84882357909784,-9.919656699777269,-33.88424013943755
8,4.311377245508982,850.8691791893344,1.4114737067494656,-58.79398365031919,-8.272586941231197,-33.533285295775194
9,4.850299401197605,849.4306723202486,5.901516752706494,-58.901457561152895,-6.683528220781085,-32.79249289096699
10,5.389221556886228,848.7185989362621,1.6128977113745968,-59.5836580622343,-8.150162225162303,-33.8669101436983
11,5.928143712574851,847.8355062837763,4.798289675878964,-60.41922200155428,-8.168156616855217,-34.29368930920475
12,6.4670658682634725,849.0896809665907,3.814880724625218,-57.79932025277542,-9.687046458956953,-33.743183355866186
13,7.005988023952096,845.2778739032083,6.520637949692458,-56.250968936986965,-8.028094954423391,-32.13953194570518
14,7.544910179640718,849.0772619205936,7.025893975149187,-58.794601319216476,-7.747456327114228,-33.27102882316535
15,8.083832335329342,859.7042402184105,3.520606367004203,-55.38290758642041,-7.406065870573775,-31.394486728497093
16,8.622754491017965,855.9273037586149,6.021893779876581,-53.61597292459737,-4.135311534943531,-28.875642229770452
17,9.161676646706587,850.1718505305923,5.973435565470326,-55.93944797013592,-4.275305180764467,-30.107376575450196
18,9.70059880239521,849.9057706714306,3.5792518318413817,-57.99766290764862,-5.282288436449847,-31.639975672049232
19,10.239520958083832,849.8558809681787,4.621300072052441,-55.57185963534655,-5.671668654320333,-30.621764144833442
20,10.778443113772456,847.842671865551,7.815223348125836,-51.7623012807183,-7.931439604565014,-29.846870442641656
21,11.317365269461078,847.3939214572378,5.751161527142943,-59.421197725823454,-4.714737899007092,-32.067967812415276
22,11.856287425149702,845.5497677373671,3.811026362006439,-53.19614873993705,-1.6781067645944914,-27.43712775226577
23,12.395209580838324,853.5762049536703,1.2552681817453577,-58.668031631810265,-4.476296171541791,-31.572163901676028
24,12.934131736526945,850.7557622191699,4.065181740889454,-55.43567181786531,-5.7246942962287095,-30.580183057047012
25,13.473053892215567,849.3966093449811,4.6696945016293485,-54.46869293699236,-5.866921293805029,-30.167807115398695
26,14.011976047904191,847.2982766114702,7.178027928481956,-53.36146897436957,-5.060895366163485,-29.21118217026653
27,14.550898203592814,849.5050805234036,3.9019088427293225,-58.27018538313979,-4.1104224499204385,-31.190303916530112
28,15.089820359281436,849.6056306307673,3.323003874102195,-55.80989238669638,-6.270747633899365,-31.040320010297876
29,15.62874251497006,847.5408114707972,15.545403743691761,-53.82434550644481,-4.636571790938965,-29.230458648691886
30,16.167664670658684,857.3528909580647,9.614507495500526,-51.87380228818758,-6.789632005447743,-29.331717146817663
31,16.706586826347305,844.3938784490333,5.476964390627543,-52.624342605229856,-4.3532495649528595,-28.48879608509136
32,17.24550898203593,848.564251300758,2.41601880837086,-51.79061799786522,-5.579856246051463,-28.68523712195834
33,17.78443113772455,846.3318435879399,3.776266079835921,-54.09812984880826,-4.982469680176085,-29.540299764492175
34,18.323353293413174,847.2439953050548,3.938322511742247,-51.65891736622102,-4.470034975655718,-28.06447617093837
35,18.862275449101794,839.8502769548993,3.8296978828278183,-52.27407236320088,-4.154532070114876,-28.214302216657877
36,19.40119760479042,850.423086553782,3.8024797380104567,-55.58216965578327,-3.7134653121458654,-29.647817483964566
37,19.940119760479043,846.3137098719139,3.7782771472376635,-51.34975090173554,-4.1072043201117046,-27.728477610923623
38,20.479041916167663,851.9527033129473,5.665636589529246,-54.88340834883255,-4.0335969624218,-29.45850265562718
39,21.017964071856287,841.1111531085046,5.244856866719782,-55.17447366046121,0.6557009521597474,-27.25938635415073
40,21.55688622754491,844.900968572304,4.411790121547187,-50.84313527394269,-0.195616339278605,-25.51937580661065
41,22.095808383233532,841.5667542087363,5.368967838704249,-56.12581756129589,-0.14030836703664074,-28.133062964166264
42,22.634730538922156,855.8346929303802,4.728500004108346,-51.30334068655472,0.6882114936074193,-25.30756459647365
43,23.173652694610777,845.7442831272533,3.4053761669901292,-50.59340726314632,-1.940123786676596,-26.266765524911456
44,23.712574850299404,844.2505890296263,2.6766263386560953,-53.89539074035399,-1.5624878752543487,-27.72893930780417
45,24.251497005988025,843.7654460457445,3.748769085997199,-51.927235662545634,-2.6294904124526575,-27.278363037499147
46,24.79041916167665,841.5943216183978,10.613590362743455,-52.648156443542156,-0.8846807378379331,-26.766418590690044
47,25.32934131736527,846.4109162826276,7.304895188707319,-54.03987295801687,0.325255707710318,-26.857308625153276
48,25.86826347305389,842.5640863523342,3.8642523805047744,-51.13306705307247,-1.536084490949353,-26.334575772010915
49,26.407185628742514,844.7558843233579,7.277867982570943,-56.18367588937225,-0.3700415961067559,-28.276858742739506
50,26.946107784431135,835.5661820340065,3.7084959971476357,-48.288276047426216,-2.0924420579142042,-25.19035905267021
51,27.485029940119762,844.9285443638602,3.04611721916944,-51.07138280714672,2.2636075189953417,-24.403887644075688
52,28.023952095808383,845.575627585995,3.375140810331213,-50.319332236935594,1.3508456916755323,-24.48424327263003
53,28.562874251497007,835.7560756278712,5.217501835565679,-49.89899232442165,-1.804050227854009,-25.851521276137827
54,29.101796407185628,844.3632882766678,3.2588708841934233,-52.804361714388975,-4.33890222078112,-28.57163196758505
55,29.64071856287425,849.1186389839568,5.120543887727719,-47.950261545532676,-3.5960311828722795,-25.77314636420248
56,30.179640718562872,836.7587566346256,7.360039273442482,-50.43455507872411,0.7204411829176365,-24.857056947903235
57,30.7185628742515,855.2909813625565,3.3578312205733796,-49.801305005177625,-3.8633412952263066,-26.832323150201965
58,31.25748502994012,838.2644281221728,6.656084178607861,-49.840764770979526,0.05828570249546755,-24.89123953424203
59,31.796407185628745,836.4540557577203,12.51594650039159,-51.12757887407232,0.717626489686753,-25.204976192192785
60,32.33532934131737,838.3648808747666,9.647478339098203,-47.86273537672432,-5.698510900183867,-26.780623138454096
61,32.874251497005986,833.2411024777986,4.5576834361327245,-46.466356925327524,0.18347848041266546,-23.14143922245743
62,33.41317365269461,840.3880028939566,5.305598460190476,-48.44032013016489,-0.8703363159766044,-24.655328223070747
63,33.952095808383234,844.4295279205061,3.2120518777002993,-45.97722443101802,1.7715458482315907,-22.102839291393217
64,34.49101796407186,837.6018199119576,7.2681940641461384,-50.23419617713333,0.9408307263469984,-24.646682725393166
65,35.02994011976048,837.820379997631,3.4710652298124574,-50.70465291556521,3.861511090275213,-23.421570912645
66,35.5688622754491,850.435594761637,5.342001658315533,-48.989305246267044,1.8162253141561489,-23.586539966055447
67,36.10778443113772,832.7221914817073,5.627429660445602,-50.22367699663735,3.5382573850929155,-23.342709805772216
68,36.64670658682635,845.5622711166963,5.171782247818826,-47.02616504444306,3.14516891024341,-21.940498067099824
69,37.18562874251497,838.8519506199395,2.077331131488695,-52.1066537773027,3.504883460634036,-24.30088515833433
70,37.72455089820359,833.6582389436061,2.8121975099576266,-43.531483138558286,1.7003219187152974,-20.915580609921495
71,38.26347305389222,833.7553384610328,2.852402529049573,-45.03717518258546,2.4276808896119335,-21.30474714648676
72,38.80239520958084,844.5645003495378,4.701482682526764,-50.20047603077459,2.3064522777944547,-23.947011876490066
73,39.34131736526946,840.0551795028919,3.7924731809659935,-47.69357869810369,0.9214355337061777,-23.386071582198756
74,39.880239520958085,834.8660718036829,3.166017211428766,-47.00282086884664,2.6496306740212985,-22.176595097412672
75,40.4191616766467,831.6662629672692,7.093907861751538,-44.9264589719791,2.107603498794285,-21.40942773659241
76,40.958083832335326,837.8855777496385,5.745038251783234,-46.94322988149781,3.4898933647313077,-21.72666825838325
77,41.49700598802396,837.2584739936028,9.932282101270268,-44.14024067704304,0.291404470839395,-21.92441810310182
78,42.035928143712574,843.0377813498859,6.311398909373694,-48.72218924995226,2.712771538258411,-23.004708855846925
79,42.5748502994012,841.1385405917503,7.126372187195299,-48.91856530372249,4.304202541086889,-22.3071813813178
80,43.11377245508982,838.2755567681187,29.147097534476423,-45.637954258457206,4.8996286089335666,-20.36916282476182
81,43.65269461077844,844.9238257053273,3.21064141001813,-47.97715457432009,2.4605603722383758,-22.758297101040856
82,44.191616766467064,837.3593416073901,5.271196186539994,-46.907656552537944,1.7958613139244908,-22.555897619306727
83,44.73053892215569,831.6474106729423,3.206171230376586,-48.72512049916933,4.401024371096972,-22.162048064036178
84,45.26946107784431,838.9221425510788,9.149314621138066,-46.26990700198913,8.164979440352532,-19.0524637808183
85,45.808383233532936,831.6891666832279,2.6469000726900687,-43.097342908166986,7.65647692100004,-17.720432993583472
86,46.34730538922155,838.6841021738958,3.885037407383523,-45.54194928762582,2.6779991197510014,-21.43197508393741
87,46.88622754491018,836.0916687051681,3.914204839399157,-45.540130766962534,4.3573911868201245,-20.591369790071205
88,47.42514970059881,838.0127479936107,7.049857220694754,-45.87465452196597,8.135937336005137,-18.86935859298042
89,47.964071856287426,832.8118835605325,2.64539260267914,-44.94904496900359,0.7838662023002607,-22.082589383351664
90,48.50299401197605,836.1590205431902,7.5021406785631015,-42.329460950422444,6.616225876151513,-17.856617537135467
91,49.04191616766467,831.7921054447223,1.9467700219694561,-42.373092872359656,6.408342568528299,-17.98237515191568
92,49.5808383233533,827.8260978386961,4.894123398292445,-44.58279363428554,2.778814425884295,-20.901989604200622
93,50.119760479041915,832.6861389037066,6.658718159245913,-44.219286764863554,6.39251360833493,-18.913386578264312
94,50.65868263473054,837.5070764694491,4.766089513706999,-45.39240495815943,6.516668649894365,-19.437868154132534
95,51.19760479041916,832.9909218989014,16.806829940395037,-47.08302076852501,4.6801678748023985,-21.201426446861305
96,51.73652694610778,831.0450111556155,6.649686963154131,-42.6305068502366,9.04860161176816,-16.79095261923422
97,52.27544910179641,822.8288138965955,2.990787090047694,-47.05972350609443,8.016080726376364,-19.52182138985903
98,52.81437125748503,823.3618071415999,5.270551960589463,-49.222846426541594,8.709586779863413,-20.25662982333909
99,53.35329341317365,832.6875523725099,4.893814370701881,-44.143750178815864,5.561187626752038,-19.291281276031913
100,53.89221556886227,825.6986254256209,3.282921165536923,-43.92485990577682,5.651575305856597,-19.136642299960112
101,54.4311377245509,832.1045723328015,2.61241788723476,-42.81994059269855,3.8469106529313213,-19.486514969883615
102,54.970059880239525,827.4055976128591,3.4755850368449366,-43.364855232008104,4.720990066559114,-19.321932582724493
103,55.50898203592814,823.9470042141639,7.852438026711135,-44.96846719388663,8.20378735778242,-18.382339918052104
104,56.047904191616766,832.4127616702697,11.799809689361142,-43.0169556790051,7.081510739175673,-17.967722469914712
105,56.58682634730538,822.8323504718504,12.799942564210088,-42.87829713228453,2.1863997870917657,-20.345948672596382
106,57.125748502994014,831.2246788588839,8.005090961758079,-47.264854900528604,6.759026308087007,-20.252914296220798
107,57.66467065868264,827.7580919509272,4.755350177704836,-42.953404971091736,7.368767091640228,-17.792318939725753
108,58.203592814371255,825.7690156342617,2.92218062385357,-42.219728509161826,7.613165770105767,-17.30328136952803
109,58.74251497005989,831.8638521996573,3.2146650315765757,-44.96653659599822,7.462779828227799,-18.751878383885213
110,59.2814371257485,822.1236327129405,5.848088293616282,-42.20190020310506,5.446540961022844,-18.37767962104111
111,59.82035928143713,824.6765722035469,7.037662546443064,-39.70191773494032,6.288343596241852,-16.706787069349232
112,60.359281437125745,833.1319014558968,4.99148365123971,-41.952041587846274,9.536031786656416,-16.20800490059493
113,60.89820359281437,816.6415301461981,3.404930666422818,-39.832488922413745,5.365656349741251,-17.233416286336247
114,61.437125748503,818.3437892699739,2.7578955697548464,-44.52708153414083,7.297112050760714,-18.614984741690055
115,61.97604790419162,817.8907602050045,4.821205573035244,-45.013039778944645,6.508126924281853,-19.252456427331396
116,62.51497005988024,831.5042327672866,3.2482356898195484,-41.0051813854935,7.429486324457977,-16.787847530517762
117,63.05389221556886,815.2960334945452,2.5757874563924545,-39.2444837089973,10.206345412539065,-14.519069148229118
118,63.59281437125749,817.5965478716785,4.893292093995026,-44.06950855895785,9.203370517290193,-17.433069020833827
119,64.1317365269461,824.3060715990256,4.470362381745002,-42.811303488411745,7.205086963194704,-17.80310826260852
120,64.67065868263474,822.3399065864659,2.7094052113711724,-41.00219795487495,10.423813876226962,-15.289192039323995
121,65.20958083832336,823.7856759164904,5.129346861943004,-41.505765474139906,13.130928170445511,-14.187418651847198
122,65.74850299401197,831.8969023217951,8.78125738367907,-42.464727327055925,8.299408011459393,-17.082659657798267
123,66.2874251497006,817.3339141060753,2.9296166501191445,-44.771935343838095,8.13861509116677,-18.316660126335663
124,66.82634730538922,819.9601062592054,2.654815333336607,-38.57156551143578,6.389702452538614,-16.090931529448582
125,67.36526946107784,821.8610452056331,3.4125313051165334,-43.85807064809213,8.809892559737495,-17.524089044177316
126,67.90419161676647,813.4935299093802,4.393262138959473,-42.76627250510821,7.005468654314461,-17.880401925396875
127,68.44311377245509,819.5043599437942,5.110034765685768,-40.25667143544777,8.979809023251544,-15.638431206098113
128,68.98203592814372,817.4267668324134,3.394681344372869,-41.024515202526636,7.016049394419657,-17.004232904053488
129,69.52095808383234,821.7172863685297,4.721954260052623,-42.485185657405026,7.230396203268474,-17.627394727068275
130,70.05988023952096,818.7507041155886,5.386009738534282,-39.69415953367434,6.178162571009885,-16.757998481332226
131,70.59880239520957,816.7797076156806,1.8575495164656224,-42.53770410881592,7.517578741470188,-17.510062683672867
132,71.1377245508982,817.8433258952799,8.246835115380158,-40.51392797913932,10.508296630374975,-15.002815674382171
133,71.67664670658682,824.4416882001924,2.1472858344870924,-41.11463011595967,8.502132691193662,-16.306248712383002
134,72.21556886227545,818.9256103488492,4.478768114488316,-40.86242973432816,10.315890809036961,-15.2732694626456
135,72.75449101796407,816.1881856346054,3.27868056285552,-43.24150981257221,8.100921835431055,-17.570293988570576
136,73.2934131736527,808.4986476250594,6.231517394759696,-41.71465965485359,8.628519547485187,-16.543070053684204
137,73.83233532934132,811.726901955961,9.137668698259931,-41.663783053049045,7.218123945011649,-17.2228295540187
138,74.37125748502994,818.4757139967076,2.697268307577251,-42.02758078884432,7.930462142263527,-17.048559323290394
139,74.91017964071857,812.7346465253382,2.7998446812095157,-40.256145125211134,9.518166587774747,-15.368989268718193
140,75.44910179640718,813.4207255010259,1.2080185519514868,-40.31441376549291,9.45828860596402,-15.428062579764443
141,75.9880239520958,813.2501158583277,3.9586615121576014,-43.069902006827505,11.552142142297841,-15.758879932264833
142,76.52694610778444,809.0274223978148,6.15950398031996,-40.02857856891529,7.945107349557041,-16.041735609679126
143,77.06586826347305,813.5594455469824,6.91263102716065,-41.45997446107674,7.212097232506176,-17.123938614285283
144,77.60479041916167,811.7957044875485,5.855108623862648,-42.23899456608064,11.392930178792284,-15.423032193644179
145,78.1437125748503,813.0253360057611,7.775509805153748,-38.617706621004956,7.9417571613295594,-15.337974729837699
146,78.68263473053892,801.2141732329015,3.2409999831034972,-41.25678005922242,6.546005305148132,-17.355387377037147
147,79.22155688622755,807.5055484734975,12.077486618254705,-42.32763491032641,15.600774929884594,-13.363429990220908
148,79.76047904191617,812.283225793238,5.897695580691189,-40.14596545906181,12.318045775513239,-13.913959841774286
149,80.2994011976048,804.0838373235048,4.175506128133843,-40.06443930273695,10.038867433693783,-15.012785934521585
150,80.8383233532934,810.7268843131629,9.932006087443133,-42.142532586276054,10.768406558454242,-15.687063013910906
151,81.37724550898204,811.4350810408711,4.774388695039503,-40.0237417690055,11.031566576181213,-14.496087596412142
152,81.91616766467065,806.9740500264718,2.1154528996584014,-38.375534467336145,11.610719174939685,-13.38240764619823
153,82.45508982035928,811.336140307148,9.107953904769714,-41.428673286674815,9.642533283657935,-15.893070001508441
154,82.99401197604791,805.819886575783,4.378598803443112,-40.088159857727334,12.756804516059994,-13.66567767083367
155,83.53293413173652,806.9529272660462,3.447193750593533,-38.04766437798248,8.121780010936071,-14.962942183523204
156,84.07185628742515,803.2061081823991,3.424821835703288,-44.47880511510265,9.702650595835557,-17.388077259633548
157,84.61077844311377,808.3087661991306,3.616535973080171,-38.479529422797164,9.739077880245405,-14.37022577127588
158,85.1497005988024,797.5219885132273,4.3704564375663555,-39.74897131452621,8.66189623428708,-15.543537540119564
159,85.688622754491,804.9842608214044,5.174601777727761,-40.184520016832394,7.206249205257817,-16.489135405787287
160,86.22754491017965,802.9422740462796,9.49311740803325,-42.79420198717458,9.053349524075301,-16.87042623154964
161,86.76646706586827,799.8412700028753,3.793612894956631,-38.82154307999315,10.869538867507078,-13.976002106243035
162,87.30538922155688,793.643901413211,1.6181109321673406,-39.0431091921624,10.557712273248306,-14.242698459457046
163,87.84431137724552,790.9127603799049,7.026408079283903,-40.4405119044685,7.10089375152397,-16.669809076472266
164,88.38323353293413,801.6376244462969,4.836101393458729,-40.94977039130031,6.747689519357274,-17.10104043597152
165,88.92215568862275,800.7062118682118,6.647230525995305,-40.09561872648409,8.93906550392877,-15.57827661127766
166,89.46107784431138,801.6862639096172,3.962388480411178,-37.60814648876059,8.23323118964994,-14.687457649555324
167,90.0,801.2996059377849,3.893329081665488,-38.216987122670396,16.238636527986365,-10.989175297342015
168,90.53892215568862,802.419077235528,6.970135871809346,-43.24169553612734,12.406779172213206,-15.417458181957066
169,91.07784431137725,797.553776848419,1.7378837494240646,-42.060418740560074,11.168121303655202,-15.446148718452436
170,91.61676646706587,799.4661076191883,3.374958873014042,-36.48770655042962,11.217072249433963,-12.63531715049783
171,92.15568862275448,799.1032683549363,3.416347836901695,-35.84235018506507,8.842540773323599,-13.499904705870737
172,92.6946107784431,794.9330491841671,3.748213465045198,-40.71972828102601,10.877054868120553,-14.921336706452728
173,93.23353293413174,791.1345954800499,5.1291299961509225,-40.641953773055505,8.99523984540865,-15.823356963823429
174,93.77245508982035,798.8692448589667,4.5570503225155194,-41.40552062690985,8.55216294502269,-16.42667884094358
175,94.31137724550898,796.9972435710173,11.561257950556588,-40.5494580327226,10.752831292928592,-14.898313369897004
176,94.85029940119762,799.8548302623918,6.9559272822065195,-41.77290144984239,9.673890730956924,-16.049505359442733
177,95.38922155688623,803.9581618214154,6.121643621487258,-39.21980119577915,10.494264322768625,-14.362768436505261
178,95.92814371257485,796.9364991900632,3.7183100426189215,-41.652108449119275,9.599343079730547,-16.026382684694365
179,96.46706586826346,787.8660519197415,5.169359802366497,-41.42064374970898,7.915731728093334,-16.752456010807823
180,97.0059880239521,789.8778173625492,3.7510865952285934,-44.02795222045372,9.039473106764554,-17.494239556844583
181,97.54491017964072,794.6478277728451,4.3094112788621945,-40.22262120594792,10.430042586147554,-14.896289309900181
182,98.08383233532933,792.6832880899073,3.7841219694061743,-39.42486257030929,9.571165509432612,-14.926848530438338
183,98.62275449101797,796.919120568316,6.38937433601039,-39.99796919074746,9.412033302532578,-15.292967944107442
184,99.1616766467066,789.0419835823117,7.600705707597646,-38.72309977628245,8.07047778483662,-15.326310995722917
185,99.7005988023952,792.3102598142817,7.553385170104799,-38.54834289707776,11.192108992136065,-13.678116952470848
186,100.23952095808383,791.6937771673998,1.839868993032966,-36.32559554521484,9.369032989416949,-13.478281277898944
187,100.77844311377245,795.0068396231226,4.034868174185837,-37.26262033666713,10.609555410323047,-13.326532463172043
188,101.31736526946108,794.8465624851056,6.687459871277783,-38.550325134359085,12.352197557283485,-13.0990637885378
189,101.85628742514969,791.0259847584307,10.25105788867586,-39.33208711030901,10.269448106322029,-14.53131950199349
190,102.39520958083833,798.1303516633435,2.489666954633552,-38.82157844786429,8.322180892661823,-15.249698777601234
191,102.93413173652695,795.2105608061994,13.416145813288553,-43.73823619139352,9.412739045730483,-17.162748572831518
192,103.47305389221556,783.5743459215851,5.883934877907694,-39.85517542186167,9.969685418346,-14.942745001757833
193,104.01197604790418,798.4758420067678,3.929686495519627,-41.417596202857155,9.77751964660244,-15.820038278127356
194,104.55089820359282,778.1556391946558,3.254343670428503,-43.69069560357171,12.374190019957641,-15.658252791807035
195,105.08982035928143,785.258132568359,3.1727412910824473,-39.44060751906859,10.133957239127772,-14.65332513997041
196,105.62874251497006,794.3838341049676,10.114513731882758,-36.211640373618614,8.381086590242045,-13.915276891688285
197,106.1676646706587,788.2299999950027,3.3532142126346107,-38.43512755240013,10.593526060415368,-13.920800745992382
198,106.7065868263473,786.3197798405062,4.481135947655584,-38.38190755262947,7.510432674750557,-15.435737438939457
199,107.24550898203593,784.8019681046966,2.2917944284324867,-42.27329928108629,6.024958003483029,-18.12417063880163
200,107.78443113772454,786.0551335654397,3.556548924270154,-41.849134079586385,11.44862248355388,-15.200255798016252
201,108.32335329341318,787.9401421068146,6.3717141261522805,-38.44762185970566,9.952838109723853,-14.247391874990905
202,108.8622754491018,789.9309583208544,3.593048388836319,-41.47128356069267,10.267915638913902,-15.601683960889384
203,109.40119760479041,795.1050080646161,2.8141728819219236,-40.461952019670655,11.684078498745356,-14.388936760462649
204,109.94011976047905,781.8695848592278,2.15972323649719,-45.39444920221396,10.076900782301518,-17.65877420995622
205,110.47904191616766,775.8764993800738,6.458190060877473,-41.06629313543784,9.537791361672122,-15.76425088688286
206,111.01796407185628,782.8757327905608,5.318045668699724,-43.39115036411203,6.24370919706523,-18.5737205835234
207,111.5568862275449,776.2470068033389,5.431533813324619,-41.79720293218664,7.636182903165795,-17.080510014510423
208,112.09580838323353,779.3851105964242,5.4953699100241655,-44.04066768644067,9.216251042937833,-17.412208321751418
209,112.63473053892216,787.8886379633977,4.504459608036255,-43.634773165168774,10.78814339603877,-16.423314884565002
210,113.17365269461077,781.1481460022061,0.7785730630089177,-42.66977482266803,10.327643089375167,-16.171065866646433
211,113.7125748502994,778.6010959684356,2.9375581370775334,-41.00468276589307,7.963389703114891,-16.52064653138909
212,114.25149700598803,790.1604961766084,2.103678264103547,-46.839311325909996,9.229894944591013,-18.80470819065949
213,114.79041916167664,768.7446901328298,3.599006672350408,-42.986802998257275,6.148289753786559,-18.41925662223536
214,115.32934131736528,774.894575252849,4.370281217674157,-41.17151018751148,9.776917984764507,-15.697296101373485
215,115.8682634730539,777.3420247227194,3.69221062907084,-39.58511141488708,7.694465734872437,-15.945322840007321
216,116.40718562874251,771.1005062133744,3.464443236771529,-42.78638693111306,6.6111185716093965,-18.08763417975183
217,116.94610778443113,779.6896575861325,3.0162912515171354,-41.62140368149393,6.299499080819645,-17.660952300337144
218,117.48502994011977,788.5045821040973,8.057419984206609,-40.26920069494579,6.421580419477701,-16.923810137734044
219,118.02395209580838,777.3220792639697,1.7773598024625985,-42.0560378108994,6.444038125323347,-17.805999842788026
220,118.562874251497,777.803058672856,3.365539314598831,-43.99811990815705,9.37877233160552,-17.309673788275767
221,119.10179640718565,771.5492910510253,4.634809370980655,-43.865793186001774,7.446641165431393,-18.20957601028519
222,119.64071856287426,778.4932942179777,7.40024083381274,-42.11056958599172,6.111990311894184,-17.99928963704877
223,120.17964071856287,776.8627337469449,8.325365456141796,-42.96892316531665,4.046992813757144,-19.460965175779755
224,120.71856287425149,776.6780661960651,6.197527749254656,-41.599206987248444,6.592075078845267,-17.503565954201587
225,121.25748502994013,764.1056231823324,5.659714059263161,-39.6055936163376,5.9465372511459025,-16.829528182595848
226,121.79640718562874,787.3033025229829,7.628173325903028,-41.79116010217016,6.133050933494779,-17.82905458433769
227,122.33532934131736,773.2942109020082,2.7171203909290313,-41.590395693735545,10.946037853555469,-15.322178920090039
228,122.874251497006,767.4016414601147,6.557943294577236,-46.31468603999733,6.588982858851991,-19.86285159057267
229,123.41317365269461,778.4495776928454,3.210428688657734,-42.83179576091054,6.523336778539758,-18.15422949118539
230,123.95209580838323,778.1113685251077,7.1179947241589945,-41.44199751642557,8.27560347294162,-16.583197021741977
231,124.49101796407184,772.4153254836523,10.466865134427712,-43.19587638744838,6.81166594036918,-18.1921052235396
232,125.02994011976048,773.0972108414434,7.403768896568605,-41.17471141381881,7.389887775454173,-16.89241181918232
233,125.5688622754491,777.1290939946695,4.079795846464824,-44.698957951740184,5.911544360702925,-19.39370679551863
234,126.10778443113772,762.2602045664712,3.769262294728136,-44.686825873620336,7.323755495526839,-18.68153518904675
235,126.64670658682635,773.6113909330613,8.038695483507103,-47.64274222487517,10.99361085389461,-18.32456568549028
236,127.18562874251498,760.9875879816173,5.922119004419176,-44.055591698169394,5.975041834543344,-19.040274931813023
237,127.72455089820359,769.0079293243355,2.736839735676549,-42.956959384968805,5.899333227410949,-18.528813078778928
238,128.2634730538922,766.2970146398739,3.862660518522381,-45.415703493858146,6.0231701588968996,-19.69626666748062
239,128.80239520958085,768.7652005761581,10.202801340010343,-40.88492252368999,10.427916782014872,-15.228502870837557
240,129.34131736526948,770.5519919757224,4.282756324454324,-44.8575846754093,5.786556749842887,-19.535513962783206
241,129.88023952095807,768.5831993488131,3.9122511099640853,-49.96956183958538,4.456826844650214,-22.756367497467583
242,130.41916167664672,769.225043064017,6.5886146344772865,-40.16309255349377,5.366386736912957,-17.398352908290406
243,130.95808383233532,760.3333415715981,4.603446960230561,-44.34742181756318,3.73273679232987,-20.307342512616657
244,131.49700598802394,769.2350080073808,5.2726881861101305,-43.796550787361554,3.334440868932802,-20.231054959214376
245,132.03592814371257,768.8615162357345,5.305286196734419,-42.57655183785729,3.8965457946353146,-19.340003021610986
246,132.5748502994012,767.5558517245349,11.905639686650249,-46.05582431738724,2.8846274661729665,-21.585598425607138
247,133.11377245508982,765.9840703262763,7.075518494219095,-44.671251208819086,2.1618938956155804,-21.254678656601754
248,133.65269461077844,776.1562941471993,4.156059768042186,-42.899279448706025,5.086409934671823,-18.906434757017102
249,134.19161676646706,771.5463310336705,5.705705327196363,-45.56027576763086,2.6433913231517066,-21.45844222223958
250,134.7305389221557,763.4421675591157,7.226809121686656,-45.700399678266415,3.5009979251240715,-21.09970087657117
251,135.2694610778443,767.6442466614968,2.6894839529687924,-45.07273827060904,5.541930160547364,-19.765404055030835
252,135.80838323353294,765.7792284262202,2.9161094387086415,-46.72479012740123,1.7936395284879674,-22.46557529945663
253,136.34730538922156,762.2170877879837,7.0313037230649345,-48.939041042322074,4.801977274604746,-22.068531883858665
254,136.88622754491018,765.7540235043115,4.837406608939606,-50.21264599318191,3.7543155560276036,-23.22916521857715
255,137.4251497005988,768.9394504256047,2.25257165095033,-45.927313002964425,6.8939058822368295,-19.516703560363798
256,137.96407185628743,754.0994964980267,4.037726158045,-45.02959053530181,4.245600240068863,-20.391995147616473
257,138.50299401197606,761.4500697963756,7.1967272395643915,-43.61301060950785,2.075084119067034,-20.76896324522041
258,139.04191616766468,761.9287355066763,5.772773430515617,-45.53269528707805,2.645110996271903,-21.443792145403073
259,139.58083832335328,764.4166969794652,12.383210320269916,-44.438568603589,1.3774019472997205,-21.530583328144637
260,140.11976047904193,764.8745269391522,2.6845469708500307,-47.639232485681,-0.47838125828945843,-24.05880687198523
261,140.65868263473052,760.5691197304942,3.4169325862827096,-52.78552763685794,-0.6199945776892268,-26.702761107273584
262,141.19760479041915,760.951129267366,4.873203376963874,-45.311327712669645,2.0722023424718823,-21.61956268509888
263,141.7365269461078,765.1933905961981,5.896524755318691,-48.381225895519584,3.697657839159086,-22.34178402818025
264,142.2754491017964,763.6229025214658,8.148400117931493,-47.92561531892088,1.9615897784346414,-22.98201277024312
265,142.81437125748502,762.4556166444055,8.87896172471105,-47.793675166172925,5.031350968582979,-21.381162098794974
266,143.35329341317365,759.0261266957488,4.578340005705333,-50.62040834156435,0.3970340307271696,-25.11168715541859
267,143.89221556886227,765.5390881936221,4.677500083853593,-46.19720190750799,4.427504567596029,-20.88484866995598
268,144.4311377245509,766.6331981016859,6.922496181182786,-47.967070680912514,0.9869231871573382,-23.490073746877588
269,144.97005988023952,757.5907797459511,2.800816108871442,-45.32499575822454,2.7217368520224294,-21.301629453101054
270,145.50898203592814,755.1521609001626,9.76122819172837,-50.803539963447754,3.870937898439674,-23.46630103250404
271,146.04790419161677,761.4667261498631,5.0860967481150965,-48.895019260639856,0.5441659114678168,-24.17542667458602
272,146.5868263473054,764.805740367985,4.669786875550212,-47.976550290923754,-1.1757130392367663,-24.57613166508026
273,147.125748502994,760.6365101505282,6.941982126081023,-50.56117374817151,-4.805729646588911,-27.68345169738021
274,147.66467065868264,760.3680481849012,4.282771433391014,-48.40389933102646,-0.8809347784950428,-24.642417054760752
275,148.20359281437126,757.8839424202647,1.9806464611375603,-47.478606382759274,1.408071353498356,-23.03526751463046
276,148.7425149700599,757.8572811419489,2.5881181156865285,-46.57418539224181,3.7305854693797063,-21.421799961431052
277,149.2814371257485,744.0890329922895,3.6995061100676776,-49.19919475578346,0.6361514456938463,-24.281521655044806
278,149.82035928143713,754.6252194989477,6.25649823990235,-50.582040823023426,-3.4399661967689554,-27.01100350989619
279,150.35928143712573,757.3976543634433,3.101667915608896,-51.67865213987211,3.306708444212298,-24.185971847829908
280,150.89820359281435,755.5312029433027,4.772624990566582,-48.27214514652653,0.11856511586597773,-24.07679001533028
281,151.437125748503,767.9322601385278,5.611657083335169,-49.17691667211278,3.03352174584144,-23.07169746313567
282,151.9760479041916,759.1850023365372,3.887188458926237,-52.537090499585425,0.8873895646410663,-25.824850467472178
283,152.51497005988023,755.8520885883976,4.075964015025919,-50.543657499494294,-1.808196408516083,-26.175926954005188
284,153.05389221556888,753.6897753530411,2.0967621404287096,-49.42540989441955,-1.2251107200892994,-25.325260307254425
285,153.59281437125748,761.0220789668783,2.939088572048377,-52.54079120978515,-2.803285711339087,-27.672038460562117
286,154.1317365269461,761.1151567530696,5.617305727416027,-53.98750210344955,-3.4494556848666402,-28.718478894158096
287,154.67065868263472,751.9463773000941,3.9387740305063685,-52.9380978592997,-0.9207682134556153,-26.92943303637766
288,155.20958083832335,754.7128838224245,2.948868628669597,-50.37994615486359,-4.9850504758698975,-27.682498315366743
289,155.74850299401197,766.3935313625356,5.005368866346014,-52.21262688269756,1.0952434878683794,-25.55869169741459
290,156.2874251497006,760.8907915638673,5.632533984502953,-53.44024159539596,-2.282580909316722,-27.86141125235634
291,156.82634730538922,752.3645973252221,7.8867477954907095,-50.10336615757252,-0.8764675650624796,-25.4899168613175
292,157.36526946107784,753.2399513739205,5.390336180088657,-50.250208661556904,-0.7672080936916785,-25.50870837762429
293,157.90419161676647,753.5464807176733,9.791208852316965,-53.12695100097312,-4.22976761459232,-28.67835930778272
294,158.4431137724551,759.5769465556714,2.7228533584199313,-54.13431846035014,-3.4208456069297695,-28.777582033639952
295,158.98203592814372,749.7738868189628,5.97050209361932,-54.276163574679636,-3.437813259269219,-28.856988416974428
296,159.52095808383234,756.7204962346391,7.730297262354886,-53.04487160348334,-2.8965351325626725,-27.970703368023006
297,160.05988023952096,754.0724792676649,6.219545993047794,-50.84822268922777,-2.4528159694532166,-26.650519329340494
298,160.5988023952096,760.8298984985938,4.79961258964421,-49.91978986159601,-0.7903073295401857,-25.355048595568096
299,161.1377245508982,753.6771735946481,4.237961032294944,-55.43551516414347,-6.316419358950805,-30.875967261547135
300,161.6766467065868,743.1208476478358,3.4845917827127573,-51.29918382401478,-2.3407087698514886,-26.819946296933136
301,162.21556886227546,756.2708163290253,2.778750257890061,-52.60865438575139,-4.270645167490427,-28.43964977662091
302,162.75449101796409,738.7616081016276,3.07539657422797,-56.4738798030392,-6.175439550045203,-31.324659676542204
303,163.29341317365268,751.4200273491463,3.5314371325924183,-55.90827873105491,-6.639861079633304,-31.274069905344106
304,163.8323353293413,747.530738800503,6.551563677630132,-58.19695529860433,-3.976247857336035,-31.086601577970182
305,164.37125748502996,757.9586866861447,6.068682983995366,-55.95252678150366,-9.078951766872546,-32.5157392741881
306,164.91017964071855,749.9623752052017,6.257145602199662,-54.526649194011874,-2.8280047407039217,-28.6773269673579
307,165.44910179640718,745.8191971752482,4.845855333516244,-52.746485131923514,-4.962310168427746,-28.85439765017563
308,165.98802395209583,745.6547379246645,3.9204011358800854,-55.82154720813709,-3.1663953905276947,-29.493971299332394
309,166.52694610778443,763.6244121882053,13.697151935186536,-57.53102280874616,-4.34209200865219,-30.936557408699173
310,167.06586826347305,749.077755806546,5.630748838169008,-57.318377047359604,-4.049206709600539,-30.683791878480072
311,167.60479041916167,746.4982852403906,4.068973670652369,-56.02434669637509,-7.097559818826892,-31.560953257600993
312,168.1437125748503,750.8820252216419,14.932874871344096,-59.60316711732462,-4.033558282181925,-31.818362699753273
313,168.68263473053892,745.4536633517507,10.46992108805035,-54.96587665834824,-2.844817746899288,-28.905347202623766
314,169.22155688622755,750.3183213042338,2.466994908265333,-57.55320608141287,-5.8762978865817885,-31.714751983997328
315,169.76047904191617,762.4477660368609,7.467641145842366,-61.35530527249296,-6.2420950457163125,-33.79870015910464
316,170.2994011976048,754.6311897584374,8.053994023777694,-58.36802187943957,-9.628654227602148,-33.998338053520854
317,170.83832335329342,753.1392691940624,4.926598926211997,-57.583521333710095,-5.307039564325631,-31.445280449017865
318,171.377245508982,751.225446907205,3.0289013821668505,-54.360100706215576,-4.294121155978983,-29.32711093109728
319,171.91616766467067,748.2267712761623,4.2249885362566575,-58.3757664698189,-7.20393569740067,-32.78985108360978
320,172.4550898203593,753.248439427829,3.9019881306146056,-55.2642640983627,-5.742070601832444,-30.503167350097574
321,172.9940119760479,751.7579235218932,2.010230103319358,-58.63439572055326,-9.110779520442888,-33.872587620498074
322,173.53293413173654,751.7107821459092,4.92929160772273,-60.57982985267214,-8.939741203961995,-34.75978552831707
323,174.07185628742516,748.2396911983632,18.603174816510293,-57.43043459861844,-5.740897072079527,-31.585665835348983
324,174.61077844311376,751.1291985891314,2.546799289464267,-54.295711301497505,-6.869070388140621,-30.582390844819063
325,175.14970059880238,752.5844845188043,4.415498919332667,-59.912044650612586,-8.847529467243369,-34.379787058927974
326,175.68862275449104,747.0075203170439,3.4962071915935797,-55.846487444241205,-8.804351216287415,-32.32541933026431
327,176.22754491017963,747.5444595446253,6.888101731037008,-60.53105765450786,-8.69515469905842,-34.61310617678314
328,176.76646706586826,746.8606239303065,2.2227129461879813,-61.89372954887612,-10.546935906308821,-36.22033272759247
329,177.3053892215569,754.819778257743,2.6911901646551812,-56.24902610742748,-5.782864298565957,-31.01594520299672
330,177.8443113772455,752.2697554831088,5.818297319994978,-63.59359012508561,-11.12089492163264,-37.357242523359126
331,178.38323353293413,753.7420559890094,3.8556978403853974,-62.97067054816419,-10.925917527390926,-36.94829403777756
332,178.92215568862275,750.1191461711888,3.4415763685773406,-58.968747767158106,-10.960135805283295,-34.9644417862207
333,179.46107784431138,747.3469447942754,3.282821403841267,-58.37184681877833,-12.474249754832394,-35.42304828680536
334,180.0,745.7696411100259,3.2649006488161527,-58.80345738986399,-8.032106583659376,-33.41778198676168
335,180.53892215568862,749.5909528060927,3.097692103696188,-58.938952362875455,-12.185251048897936,-35.5621017058867
336,181.07784431137725,755.9877575633667,14.611791378175107,-63.72792092282939,-4.727309596848433,-34.22761525983891
337,181.61676646706584,754.9570573853937,4.7067859768167235,-61.97382763958363,-11.385588592654246,-36.67970811611894
338,182.1556886227545,752.64340708592,6.944240650055367,-59.84062871366831,-12.978468780309983,-36.409548746989145
339,182.69461077844312,758.4230799942433,3.650718098348243,-62.884399287162026,-10.308106743616486,-36.59625301538926
340,183.23353293413174,748.2806864118495,9.243152852907953,-61.650032423611435,-12.082458220347236,-36.866245321979335
341,183.77245508982037,751.1377437150649,6.240357795779509,-59.50841152158604,-15.608333649477721,-37.558372585531885
342,184.31137724550896,755.066409345327,8.613052046790123,-57.434844655606526,-11.975982498751476,-34.705413577179
343,184.8502994011976,756.6975135900758,4.3076631717528,-61.1285359833293,-6.547235193028528,-33.837885588178914
344,185.3892215568862,754.36039807282,3.7860374921867765,-60.40538546537573,-9.319476820117195,-34.86243114274646
345,185.92814371257487,749.3981378076371,7.398070183811539,-59.33408433741812,-13.368848730481277,-36.3514665339497
346,186.4670658682635,754.0811693455857,4.693264365458261,-62.90325783740996,-15.52421518326207,-39.21373651033601
347,187.0059880239521,748.7314431050318,5.5647702844058085,-63.223103736092526,-12.993410435771171,-38.10825708593185
348,187.5449101796407,750.3691835337536,3.692886927907637,-58.71069356193943,-12.903933704224345,-35.80731363308189
349,188.08383233532933,744.8698673452944,5.517370223770189,-65.88069983954126,-13.29929724407239,-39.58999854180683
350,188.62275449101796,756.2879190976994,3.411912865327057,-62.257090119110636,-11.030210735469412,-36.64365042729003
351,189.16167664670658,754.3628954750365,5.467106505983901,-63.08476636596661,-12.709039820203973,-37.89690309308529
352,189.70059880239523,751.7117068886704,10.763684147538633,-63.999481963403845,-10.065394258766133,-37.032438111084986
353,190.23952095808383,749.6759904879247,2.39391832302757,-66.07643055067152,-15.773123321967178,-40.92477693631935
354,190.77844311377245,754.4092823835628,3.066799132684591,-61.89580911653665,-15.587549817435912,-38.74167946698628
355,191.31736526946108,757.8920878539519,3.7307068143747455,-65.72686412809304,-14.327841029980934,-40.027352579036986
356,191.8562874251497,748.4310677345784,6.365530137921294,-69.24421949229725,-14.833567542015638,-42.038893517156446
357,192.3952095808383,753.2670760875103,3.0152153964995905,-65.04642514033571,-14.539362624884024,-39.79289388260987
358,192.93413173652692,753.1541415114683,4.336628518946816,-66.42636453185794,-15.029059244690096,-40.727711888274015
359,193.47305389221557,751.6540314134045,3.7681942363840646,-66.19247850922586,-14.576951987511206,-40.384715248368536
360,194.0119760479042,749.7836670654222,2.3995671164984116,-66.88930048187012,-17.417682673856934,-42.15349157786353
361,194.55089820359282,760.4635859401375,10.000746571812222,-64.05558155486769,-11.76591010313624,-37.91074582900196
362,195.08982035928145,754.4069885034428,4.587532738676072,-66.16893495613765,-15.672449338827576,-40.92069214748261
363,195.62874251497004,748.8684672093925,4.6076665915698305,-65.47380548198362,-12.501179526532368,-38.98749250425799
364,196.16766467065867,751.6077945641779,6.0952819335139035,-65.75612181393544,-16.45106620769916,-41.1035940108173
365,196.7065868263473,752.9685895875753,11.42654607141775,-66.71387560214706,-11.762408137012196,-39.23814186957963
366,197.24550898203594,747.3514429395464,8.740169072588149,-66.06437318315226,-15.464934481409605,-40.76465383228093
367,197.78443113772457,752.9276392532718,15.157901529855947,-67.68288801542707,-16.3482154372426,-42.015551726334834
368,198.3233532934132,746.9752274601344,2.4794433572129604,-65.79215189916174,-13.566351570897456,-39.679251735029595
369,198.8622754491018,750.8769090316557,2.7368185704119505,-67.14240814128304,-18.119433074991285,-42.63092060813716
370,199.4011976047904,751.2993503825331,7.985760900212487,-71.04955843755705,-15.663264083407087,-43.35641126048207
371,199.94011976047904,751.9768199225681,5.877234407643406,-66.18840384732516,-16.3287271279095,-41.25856548761733
372,200.47904191616766,753.5506160339379,3.276417364142168,-67.25973755852031,-15.605039446271514,-41.432388502395916
373,201.0179640718563,758.8980174641969,2.211433313204044,-67.350132038001,-17.440929631562156,-42.395530834781574
374,201.5568862275449,759.3085550174562,3.232350718506648,-67.53536175402834,-17.882080172955504,-42.70872096349193
375,202.09580838323353,759.1635200468254,7.4219847940620856,-66.0896981691988,-17.648076751960776,-41.868887460579785
376,202.63473053892216,747.0544344809771,2.3279892695534232,-66.33976088929718,-16.525719110666685,-41.43273999998193
377,203.17365269461078,759.7822816633889,7.38914658416993,-67.46241139907782,-17.093020317038214,-42.277715858058016
378,203.71257485029938,754.1501966439766,2.293906678985047,-68.79128080177904,-20.47110795213693,-44.631194376957986
379,204.251497005988,750.9380305962222,3.584507266025252,-67.0357420847737,-17.98925675247841,-42.51249941862606
380,204.79041916167665,757.4284389035794,3.7797964382184044,-68.75329203328077,-19.017927179100322,-43.88560960619055
381,205.32934131736528,756.9147344357854,1.8716172817967114,-69.58465841267765,-17.99600156024922,-43.79032998646343
382,205.8682634730539,762.0841872830396,17.279721735657624,-68.39356257191938,-20.22509771090755,-44.30933014141346
383,206.40718562874252,750.7048440549611,4.13448015604586,-70.95294187570445,-18.023750372266235,-44.488346123985345
384,206.94610778443112,748.5678975253097,4.032862736131986,-69.51628692645983,-17.602689846414812,-43.55948838643732
385,207.48502994011974,756.9376293225055,4.431535218094732,-69.60975387587331,-15.069202952633333,-42.33947841425332
386,208.02395209580837,760.3675534237792,4.0772972650329775,-68.73524767402576,-20.50251877375758,-44.61888322389167
387,208.56287425149702,756.7970184983837,2.746531367002575,-69.17876419821465,-19.910557502459373,-44.54466085033701
388,209.10179640718565,753.6754561833135,6.069175326155709,-71.3498395610753,-17.9518269178741,-44.6508332394747
389,209.64071856287427,757.8412735776649,6.274816093296773,-72.5667474423367,-20.884637355068577,-46.72569239870264
390,210.17964071856287,754.7343798340931,5.578776426376047,-70.97103702353223,-21.93331354111825,-46.45217528232524
391,210.7185628742515,758.8514554469216,4.833417830623235,-71.03566313421005,-16.233437543911766,-43.63455033906091
392,211.2574850299401,759.8373135359145,6.130937967831903,-74.48228619622586,-19.358435755645008,-46.92036097593543
393,211.7964071856287,759.6334430185273,6.502718141952222,-67.77608396919521,-21.754475516137443,-44.76527974266633
394,212.3353293413174,763.8997771929411,4.1478929073648105,-69.34452505376028,-19.462282912430336,-44.40340398309531
395,212.874251497006,751.7056967845477,4.708246952104614,-70.40797088001378,-21.48612452233659,-45.94704770117518
396,213.4131736526946,755.7881615843294,2.73628519113927,-71.10964996506952,-18.470394272577106,-44.790022118823316
397,213.95209580838323,752.6470669598723,3.2859432048687154,-70.53933348630302,-21.876186153667923,-46.20775981998547
398,214.49101796407186,767.8018425466896,1.8151347411977787,-70.93271779978215,-23.926203409692306,-47.42946060473723
399,215.02994011976045,761.3633001250365,6.9824817073194065,-70.58999239117387,-22.717854619092982,-46.65392350513342
400,215.56886227544908,759.8983919975977,3.3185979627141333,-73.11404944035,-21.807346508591678,-47.46069797447084
401,216.10778443113773,760.8360425206201,2.145378236357202,-75.13528620417924,-21.759165566813618,-48.44722588549643
402,216.64670658682635,753.1161292930886,6.964146963861692,-72.70753306955845,-20.33221107441682,-46.519872071987635
403,217.18562874251498,763.9114604341635,5.073728221607475,-73.38258256843869,-22.657507222887062,-48.02004489566288
404,217.7245508982036,757.6388913639049,5.813220325436007,-72.62096039138503,-23.65970956390994,-48.140334977647484
405,218.2634730538922,746.9118413997792,3.1262583098064427,-72.80958215310966,-20.991888879219538,-46.9007355161646
406,218.80239520958082,765.6735750954277,5.1784653402977465,-73.49461661571483,-24.31959666248314,-48.907106639098984
407,219.34131736526945,755.460715368127,7.346160982220343,-74.02129120510625,-23.020709135182788,-48.52100017014452
408,219.8802395209581,753.163664207231,4.0018612599500285,-74.8103777857181,-20.108562652326093,-47.459470219022094
409,220.41916167664672,766.6267998289683,5.721805091462926,-70.60906168132571,-22.368264465433306,-46.48866307337951
410,220.95808383233532,768.4016872528441,4.363826728227187,-74.12517399077527,-25.02438836058185,-49.57478117567856
411,221.49700598802394,767.3643405749485,1.6583864287347392,-73.42222994986986,-24.870451156782707,-49.14634055332628
412,222.03592814371257,773.2621892509385,7.598617660829591,-75.69550783553501,-21.91174547991391,-48.803626657724465
413,222.5748502994012,755.3653681413497,3.837613966344828,-74.29179811140389,-22.304185342670497,-48.29799172703719
414,223.1137724550898,766.4862856499562,2.9698501673836835,-72.54831598564681,-25.900536436627746,-49.22442621113728
415,223.65269461077847,772.9991436013211,7.724575249600903,-78.05338592589189,-24.045015142318416,-51.049200534105154
416,224.19161676646706,764.7954988256254,3.928244248145238,-72.93200046021943,-23.135563538912645,-48.03378199956604
417,224.7305389221557,766.0095267018853,5.273464231099028,-71.42808366345517,-21.038433922436276,-46.23325879294572
418,225.2694610778443,769.2682505773231,5.634033667513106,-75.39097537911563,-23.663405162049095,-49.527190270582366
419,225.80838323353294,766.5120848298832,4.04229193558904,-74.83264344115611,-22.888078462588094,-48.8603609518721
420,226.34730538922153,767.6805239713981,3.241640415713315,-73.7635580612318,-22.403376406057685,-48.08346723364475
421,226.8862275449102,767.0482887918191,5.218905267887332,-73.3164452983843,-24.461969793069972,-48.88920754572713
422,227.4251497005988,770.5043110216507,3.8788222238925107,-73.9030313811634,-25.070791610184745,-49.48691149567407
423,227.96407185628743,762.0161918914213,6.350667645035639,-75.91167671606976,-21.28055459831938,-48.596115657194574
424,228.50299401197606,762.90057792704,4.840410187405663,-72.46306784425641,-27.34287025027187,-49.90296904726414
425,229.04191616766468,770.2839653289132,2.0420933412677607,-74.80980841029363,-30.17322512134998,-52.4915167658218
426,229.58083832335328,762.5129787814607,3.8794609070068744,-76.37701820964998,-27.787964377387855,-52.08249129351891
427,230.1197604790419,762.4554566568393,4.129740651517695,-73.69289745886826,-25.594832379698804,-49.64386491928353
428,230.65868263473055,775.0559311851596,4.622873487456767,-76.17583116791515,-23.986520292749223,-50.081175730332184
429,231.19760479041918,763.574226568061,3.6962611443182185,-76.0915431938917,-26.099950084970647,-51.09574663943117
430,231.7365269461078,773.1865180095415,3.9012774297332813,-76.54485898889376,-26.847865348508684,-51.69636216870123
431,232.2754491017964,770.6910740992438,8.184336362917469,-74.54866990231335,-25.500689258613054,-50.0246795804632
432,232.81437125748502,774.4266707416034,6.904481188646939,-78.59196679274386,-25.342223501332338,-51.9670951470381
433,233.35329341317365,764.9071123448736,7.3079427957771825,-78.3153501118114,-28.445547808387495,-53.38044896009944
434,233.89221556886227,768.5950341590069,4.160135473498488,-74.7053619466,-25.764923636368373,-50.23514279148418
435,234.43113772455092,764.888535875504,2.784351555664491,-75.31136213024597,-24.77672144654253,-50.04404178839425
436,234.97005988023955,774.9132113483371,8.694645453965364,-72.87428340488202,-19.668635376914285,-46.27145939089815
437,235.50898203592814,770.0866557378259,2.3507353536884774,-73.91059845677228,-25.162319848466264,-49.53645915261927
438,236.04790419161677,774.0636195425755,5.777910669274944,-78.62886813207712,-27.387132275473924,-53.008000203775524
439,236.5868263473054,769.0068311522207,3.8100130582034124,-74.79836205834974,-24.941230327663995,-49.86979619300686
440,237.125748502994,771.7626336409445,4.139344069634343,-80.61299073117603,-24.752999496094137,-52.68299511363508
441,237.6646706586826,777.2688723856102,3.144304485552107,-72.35058176868932,-27.00515461606508,-49.677868192377204
442,238.2035928143713,780.3042618748665,4.623568179958073,-77.95327243480378,-28.39673962782511,-53.175006031314446
443,238.7425149700599,773.6162784964307,6.538803382952029,-76.80689309176357,-25.38474085099522,-51.09581697137939
444,239.2814371257485,768.7093402712017,6.456851957676464,-77.9368205064762,-24.292659350334233,-51.114739928405214
445,239.82035928143713,776.4129634917132,6.495200945098833,-78.30982541025145,-25.452355878682592,-51.88109064446702
446,240.35928143712573,775.0908314515176,3.3745092192188912,-80.99778492501568,-24.663873737688746,-52.83082933135221
447,240.89820359281435,778.3495870515598,5.178794851587819,-76.85554339885033,-25.069805159812407,-50.96267427933137
448,241.43712574850298,783.9958372797666,6.5970126993352,-72.28874689610703,-25.86594826323746,-49.07734757967224
449,241.97604790419163,767.4356966758614,6.208406399097461,-77.77657254483078,-27.016094353559204,-52.396333449195
450,242.51497005988026,781.5421627833772,7.084572369034014,-78.85502952030326,-27.02082421747409,-52.937926868888674
451,243.05389221556888,778.6480130672653,6.622223322392751,-76.72981907047784,-26.350016549190237,-51.53991780983404
452,243.59281437125748,782.1585349832507,7.678471799095405,-74.78127858500183,-31.564240703661994,-53.17275964433191
453,244.1317365269461,778.0272863848166,5.314296399012484,-75.3945196452065,-29.800294135388476,-52.59740689029749
454,244.67065868263472,779.1296794556814,5.11166632743798,-76.87155312534814,-26.605469531957468,-51.738511328652805
455,245.20958083832335,778.3132177117269,2.098247444561143,-82.7547205364928,-25.559148782935186,-54.15693465971399
456,245.748502994012,774.823820336537,5.615870733727869,-73.81392999974588,-31.22968127589986,-52.52180563782287
457,246.28742514970062,777.8177215641779,1.0659765680407465,-76.32172295386825,-27.673220669545234,-51.99747181170674
458,246.82634730538922,778.2070850786038,2.604736618165091,-74.21604255328639,-30.462922268418033,-52.33948241085221
459,247.36526946107784,787.7540878773312,5.115272021950934,-77.47060881224517,-29.723482771599915,-53.59704579192255
460,247.90419161676647,776.9891883850205,4.6397482726182995,-79.40277085115895,-27.11908898384779,-53.26092991750337
461,248.4431137724551,782.4381964080113,4.443571771768683,-79.65143008792126,-26.81466504792242,-53.23304756792184
462,248.9820359281437,780.2903819131923,1.8422397231164171,-74.59369467891537,-30.265917237296694,-52.42980595810603
463,249.52095808383234,780.3516851538039,2.854130050892169,-75.24242321044794,-28.268831234564168,-51.75562722250605
464,250.05988023952096,787.7152883387788,12.487071090333437,-78.19871012121567,-31.988162899187532,-55.0934365102016
465,250.5988023952096,786.5197776292207,3.635714595290094,-77.23485068513449,-30.930177437003003,-54.08251406106875
466,251.1377245508982,794.5526529244638,4.539894463093962,-72.75008356050772,-32.1158395418292,-52.43296155116846
467,251.6766467065868,788.9732119104087,2.480184438232532,-80.59190670344661,-30.701008398434887,-55.64645755094075
468,252.21556886227543,780.3983671553262,5.500197384563539,-79.82123823962786,-30.142140552955947,-54.981689396291905
469,252.75449101796406,786.1426549566527,4.041450788877208,-76.0185750538409,-27.821604926223657,-51.92008999003228
470,253.2934131736527,784.0481870600966,5.3307404172411275,-80.1700535143904,-29.3021375391684,-54.7360955267794
471,253.83233532934133,795.8295542284205,13.701892619370742,-81.70774122795079,-30.497443449236773,-56.10259233859378
472,254.37125748502996,795.7868940759921,4.31455192212111,-82.32907884478492,-32.8783293397283,-57.603704092256606
473,254.91017964071855,791.1041879507982,2.8781831313065998,-81.63465115022872,-26.418044576091635,-54.026347863160176
474,255.44910179640718,786.8633520273747,11.772872677476597,-82.76460650794829,-31.83031441671446,-57.29746046233137
475,255.9880239520958,786.4298354703973,5.616916681586868,-80.57645296251094,-28.801933963188887,-54.689193462849914
476,256.5269461077844,782.4691369483238,4.778385844775756,-80.5802566028484,-27.98349475812294,-54.28187568048567
477,257.0658682634731,796.6969761561645,5.499603999420905,-81.76000369725165,-27.832820026389363,-54.7964118618205
478,257.6047904191617,795.3737680010315,4.963939094745213,-80.66052200770716,-28.51357401826751,-54.58704801298733
479,258.1437125748503,792.4445775011909,3.5726818627013324,-78.57296053484889,-30.5044650818638,-54.538712808356344
480,258.68263473053895,778.0642188624053,2.524803257066945,-78.49455337759217,-29.712417832177604,-54.10348560488489
481,259.2215568862275,790.135336980838,5.106565808161384,-79.17203953845889,-29.687938205588193,-54.42998887202354
482,259.76047904191614,793.5125505977198,3.7575669034533203,-76.23593826931157,-32.77913867780749,-54.507538473559535
483,260.29940119760477,794.4070229370496,3.548504285937857,-73.05331034124396,-28.932974034502124,-50.99314218787304
484,260.83832335329345,791.9390476145952,5.90267328571551,-80.3764210855683,-30.12056807238354,-55.24849457897592
485,261.37724550898207,791.2548974737524,9.691683029078833,-74.34294354796091,-31.49940348888154,-52.92117351842123
486,261.91616766467064,790.1493488725463,3.4861953522823534,-82.15004463781263,-29.11982052546887,-55.63493258164075
487,262.45508982035926,799.3946262077529,4.413704239061184,-79.65470623372896,-27.82272143859606,-53.73871383616251
488,262.9940119760479,791.927520095374,6.126654845896892,-74.56654368033882,-30.37424800447214,-52.47039584240548
489,263.5329341317365,790.232782334692,8.858779830191018,-80.99879261375547,-27.398524309676045,-54.19865846171576
490,264.07185628742513,792.0705405061676,2.773426508126558,-80.54909046775343,-29.32306374660972,-54.936077107181575
491,264.6107784431138,805.4370132901762,6.342541830726778,-81.08281841651674,-31.68687478268595,-56.384846599601346
492,265.1497005988024,785.0782401658041,2.512682784227921,-80.98619792040208,-30.163167621963254,-55.574682771182665
493,265.688622754491,797.6332955915768,13.740069022495335,-81.7942544912389,-29.021797769869316,-55.408026130554106
494,266.22754491017963,797.5508345685024,2.468338028720842,-76.41247037182572,-33.79933489415385,-55.10590263298978
495,266.76646706586826,794.0706221333608,10.033671773047578,-80.24576784741836,-33.614741276183096,-56.93025456180073
496,267.3053892215569,800.8567736244406,3.2358547918091705,-81.87010482669193,-30.65017259493696,-56.260138710814445
497,267.8443113772455,797.3818752154125,3.8476571307831664,-80.4222750240171,-32.706987664207695,-56.5646313441124
498,268.3832335329341,797.604442761551,2.380156774257604,-78.44563234677457,-30.906022234753152,-54.67582729076386
499,268.92215568862275,797.881997503546,2.70476329153823,-75.87848050776253,-27.73295017251602,-51.80571534013927
500,269.4610778443114,796.7626953891058,3.905067328832323,-78.38815913023221,-33.56922159762371,-55.97869036392796
501,270.0,793.684900907305,4.838409108297009,-80.04667436729464,-31.67505217823532,-55.86086327276498
502,270.5389221556886,795.0118249840375,2.703012274857731,-83.21144439884505,-31.421915890036004,-57.316680144440525
503,271.07784431137725,798.1190812574032,10.347645625570125,-80.67842756169178,-28.772829038770823,-54.7256283002313
504,271.6167664670659,803.6275794084909,4.077886890627315,-81.64905481294404,-31.65581368505587,-56.65243424899995
505,272.1556886227545,809.4759662331319,8.722812049405844,-82.00668516770521,-26.030351041087147,-54.01851810439618
506,272.6946107784431,801.1732700438437,4.30808208922413,-80.67092239742153,-32.48700076629059,-56.57896158185606
507,273.23353293413174,805.6647768151473,19.318406469553665,-77.68976742253042,-28.40388037253022,-53.046823897530324
508,273.77245508982037,799.3076705635948,7.854794388399762,-78.71596317817689,-29.40229846515671,-54.0591308216668
509,274.311377245509,809.7091379006464,5.494693907132231,-79.28109446468487,-29.536803799256223,-54.408949131970544
510,274.8502994011976,808.6289312051886,5.716229741310973,-78.57600732640783,-31.647838128464567,-55.1119227274362
511,275.3892215568862,803.4655993485428,20.524063833890427,-80.91045341217539,-31.250853266879083,-56.08065333952723
512,275.92814371257487,802.9982542045625,6.027855749664789,-79.53098198840928,-28.55100982699158,-54.040995907700434
513,276.4670658682635,811.4909522030922,10.896261447725726,-80.84335900805827,-31.103293206501768,-55.973326107280016
514,277.0059880239521,817.4276065519739,7.330070824019421,-83.84539099057989,-33.10193191023856,-58.473661450409224
515,277.54491017964074,807.2778342011109,4.868596714988295,-83.59368413744615,-29.380439749326147,-56.487061943386145
516,278.08383233532936,800.6249337457598,9.01384543499954,-81.61855251975578,-29.364096905713872,-55.49132471273482
517,278.62275449101793,807.0680267448062,2.66823035720188,-78.62359457850702,-27.789091897114847,-53.206343237810934
518,279.16167664670655,816.1089709581406,5.916893278466288,-75.31795281090236,-33.05513567797174,-54.186544244437044
519,279.70059880239523,823.7742742906482,2.006420702333753,-77.1579044303725,-29.595387134649883,-53.37664578251119
520,280.23952095808386,806.069946444205,2.2454212064666472,-81.70606631131878,-31.966235518725945,-56.83615091502236
521,280.7784431137725,811.8868915707769,5.891943393680535,-82.80923680579151,-30.863956083724354,-56.83659644475793
522,281.31736526946105,806.3300400358523,12.403685516819126,-77.1979790103863,-29.542014518500935,-53.36999676444362
523,281.8562874251497,810.6454077207421,6.698303160465415,-80.28188398894346,-29.08625804893779,-54.68407101894063
524,282.3952095808383,800.8941145529512,3.995273636267569,-78.52274492862254,-27.14250463059296,-52.832624779607755
525,282.9341317365269,808.7201262486906,2.949581718048784,-76.41801209721778,-29.09217746444958,-52.75509478083368
526,283.4730538922156,814.1733037213795,8.193387834545964,-78.50584664780457,-29.732501831823885,-54.11917423981423
527,284.0119760479042,809.6216734569057,2.0610709939047833,-76.31812514744765,-30.808159922137914,-53.56314253479278
528,284.5508982035928,813.0067239559646,2.5459673269789564,-81.29715773130839,-28.263354511096118,-54.78025612120226
529,285.0898203592814,814.3762193945468,3.203718305309154,-81.14433489147223,-29.13990101629221,-55.14211795388222
530,285.62874251497004,817.6246951231021,4.284282041699114,-77.48418615302295,-27.403472128075396,-52.44382914054917
531,286.16766467065867,813.6286355241998,7.429854326583662,-79.90024474628352,-29.55675692210216,-54.72850083419284
532,286.7065868263473,818.414356128456,2.602476488795272,-80.96974042533817,-28.4379701924658,-54.703855308901986
533,287.245508982036,809.9615886949482,8.312743388121438,-80.96993258334103,-30.421218404054457,-55.695575493697746
534,287.78443113772454,820.0482490144699,2.8399143590599216,-79.86950221786901,-30.932863473604172,-55.40118284573659
535,288.32335329341316,817.6139594849744,9.922653274630989,-80.73354014741919,-31.135442948539932,-55.93449154797956
536,288.8622754491018,817.7832792545084,1.5442096200420783,-81.83724421005988,-31.484579399472413,-56.660911804766144
537,289.4011976047904,816.2552217138066,1.9085999381274013,-80.71761717852996,-31.631968693613032,-56.1747929360715
538,289.94011976047904,819.158919069898,6.67097689489183,-76.35883807999093,-25.695700057013916,-51.02726906850242
539,290.47904191616766,824.9223182428425,1.4697602980888542,-77.33508599252701,-29.48283549325883,-53.40896074289292
540,291.0179640718563,812.431641279228,6.613886645838939,-79.04338497260215,-27.95235265273937,-53.49786881267076
541,291.5568862275449,811.2147957827545,3.2723677920230614,-77.03636506590763,-27.831321847769868,-52.43384345683875
542,292.09580838323353,824.9924935890824,4.195922591447077,-79.92362233446758,-31.26646851265504,-55.59504542356131
543,292.63473053892216,815.3810011104035,4.615457111994146,-75.79258673710251,-27.610251363595236,-51.701419050348875
544,293.1736526946108,817.879691571285,2.321431062825703,-80.14985615138455,-28.95076300253114,-54.550309576957844
545,293.7125748502994,821.7698602869369,4.748600229299818,-79.53909536649844,-29.021651223270503,-54.28037329488447
546,294.251497005988,824.324648779971,5.6480137198330675,-76.64521882976813,-28.309640543317666,-52.4774296865429
547,294.79041916167665,812.4626125173287,4.089196883029537,-79.13658544591848,-24.960890920653846,-52.04873818328616
548,295.3293413173653,820.8978426691493,7.0321212934442805,-76.51538327707206,-23.414320450206354,-49.96485186363921
549,295.8682634730539,824.7043360139751,3.793382596635929,-78.19309248537647,-29.82321489980785,-54.00815369259216
550,296.4071856287425,819.511794779409,4.761859185094187,-77.64762016274383,-25.97281871389849,-51.81021943832116
551,296.94610778443115,829.6645233510114,5.331704195206398,-78.20700988423536,-30.6813650895746,-54.44418748690498
552,297.4850299401198,815.5372878224172,5.250288072880915,-73.17809743244355,-30.912428725461506,-52.04526307895253
553,298.02395209580834,816.9869480581923,6.11133009605331,-75.55778385191749,-30.092705403688885,-52.82524462780319
554,298.562874251497,834.8981171646166,3.9794777547988334,-77.75643172268192,-29.450073843761086,-53.60325278322151
555,299.10179640718565,818.4982152100213,3.6934589603258723,-77.72278350843663,-27.255438336724055,-52.489110922580345
556,299.64071856287427,824.171709356973,3.418745411669223,-76.47362103222481,-25.699388279869375,-51.0865046560471
557,300.1796407185629,826.8057456576691,9.777994623631525,-78.0369284933833,-28.50929429586087,-53.273111394622084
558,300.71856287425146,834.3400913335518,4.39510045767234,-79.33492307813735,-28.89315699627354,-54.11404003720544
559,301.2574850299401,824.5075769402878,2.596716000899038,-75.90525137886023,-28.630886271742643,-52.268068825301434
560,301.7964071856287,824.6874720669458,3.758655078059565,-77.52389216775842,-26.81458096225438,-52.1692365650064
561,302.3353293413174,832.3273551599881,3.7481917055483858,-75.98504619211666,-26.50886224002204,-51.24695421606935
562,302.874251497006,829.548510278881,5.4641073959491635,-77.11317365060576,-26.171996479931046,-51.642585065268406
563,303.41317365269464,824.8957496747116,5.821559565385846,-79.58593815675223,-32.310918189374334,-55.948428173063284
564,303.9520958083832,818.7554311773168,7.410907455412047,-78.6593969097564,-26.286768055277932,-52.473082482517164
565,304.49101796407183,829.0622501629856,5.3889175174309365,-74.34915520509259,-25.32405792825688,-49.83660656667473
566,305.02994011976045,826.4572305069424,1.7743703924755572,-77.52124341819952,-26.968757693123617,-52.24500055566157
567,305.5688622754491,835.1987758871247,3.5176825355648402,-78.76463693441823,-30.379739861286055,-54.572188397852145
568,306.10778443113776,830.8880898822069,6.227951627184853,-76.80700889631464,-24.13607007427912,-50.47153948529688
569,306.6467065868264,831.3548004068429,5.423703160927096,-75.38764039173772,-25.20324406162455,-50.29544222668113
570,307.18562874251495,830.7096226991293,3.0334808740298356,-75.65194093946201,-25.753890929777665,-50.70291593461984
571,307.7245508982036,838.315036840953,2.6849171444330753,-76.99756805596306,-30.722210708635025,-53.859889382299045
572,308.2634730538922,831.3058712479695,4.435187207506139,-78.09047397405953,-28.246916724580178,-53.168695349319854
573,308.8023952095808,834.4025631122485,4.287855411695511,-78.8298973983612,-25.635759983616957,-52.23282869098908
574,309.34131736526945,836.2342878484558,5.814574352394373,-75.11410256318425,-26.18906809331473,-50.65158532824949
575,309.88023952095807,831.5463509415941,2.7093543988289337,-75.39686803514347,-24.27079315662092,-49.83383059588219
576,310.4191616766467,830.0578457126107,10.95783001903207,-74.36468028194257,-28.852229465843596,-51.60845487389308
577,310.9580838323353,832.4628048704375,5.636029291341745,-74.23324667631076,-23.58147010500874,-48.90735839065975
578,311.49700598802394,820.1722329854676,6.317400388347153,-74.47059875595806,-25.83799789097628,-50.154298323467174
579,312.03592814371257,833.4450273480404,4.375412734626214,-73.36420513840271,-20.37239440220756,-46.868299770305136
580,312.5748502994012,835.7490083628712,1.1173822779325284,-75.96370201928421,-29.05149054172699,-52.5075962805056
581,313.1137724550898,832.1445105269416,7.731757528108876,-73.24567740763938,-26.16465873601321,-49.70516807182629
582,313.65269461077844,841.9393004311224,2.1436070914994354,-72.86980154921287,-26.2235379668872,-49.54666975805003
583,314.19161676646706,836.8494108350086,10.15316088158587,-73.53558676471532,-26.604660807573634,-50.07012378614448
584,314.7305389221557,830.3747674718261,7.102708782358323,-75.22120148876652,-28.578893983801834,-51.90004773628418
585,315.2694610778443,833.0620427108016,2.6722177612612734,-77.00181875838682,-19.06708882756851,-48.034453792977665
586,315.80838323353294,836.9530215950754,3.724707184286425,-73.35623153359501,-21.61725086644686,-47.48674120002093
587,316.34730538922156,839.8465879916575,4.949826290136709,-72.98253429571506,-27.877085358637075,-50.429809827176065
588,316.8862275449102,829.8896474460565,4.833368248188704,-76.63419050113724,-25.083420648045283,-50.85880557459126
589,317.4251497005988,830.5863515682511,2.6412324066866883,-75.20940154989475,-21.300976072022223,-48.25518881095849
590,317.96407185628743,830.394945549958,5.227094453389532,-73.34870673211086,-25.812912810198494,-49.58080977115468
591,318.50299401197606,834.6449933112226,3.70329257068049,-72.30130829239509,-22.364850439800733,-47.33307936609791
592,319.0419161676647,833.0510115937541,2.7239318506494294,-71.62958536665164,-20.571460115043724,-46.10052274084768
593,319.5808383233533,834.2366379462005,8.256627059575465,-78.01352220873324,-26.3608625537454,-52.18719238123931
594,320.11976047904193,837.3008416083086,3.069355854590659,-72.57852007433661,-23.75571948699937,-48.16711978066799
595,320.65868263473055,838.3612041381677,1.447640907881816,-72.0044845487406,-25.82467731905707,-48.91458093389884
596,321.1976047904192,841.4032962548739,4.015725324641807,-71.03553241486107,-23.33287897080971,-47.18420569283539
597,321.7365269461078,840.6345210960823,4.7448763562769765,-76.50788924948873,-23.45866074001267,-49.9832749947507
598,322.2754491017964,835.8366683123869,10.216663979594832,-68.64522745092361,-24.044131302858673,-46.34467937689114
599,322.81437125748505,839.5030839263118,4.5993425751586825,-71.80785706617013,-19.815082978853,-45.811470022511564
600,323.3532934131736,839.4566989191978,4.760747928861319,-76.48046735236603,-27.064800388204194,-51.77263387028511
601,323.89221556886224,841.6858049342624,3.731334904857947,-73.0144481873213,-21.761654131897124,-47.38805115960922
602,324.4311377245509,839.4945464339002,4.7127305068039576,-71.27859913407904,-22.354276599520066,-46.81643786679955
603,324.97005988023955,837.7978127237219,2.375941369150851,-73.09223389328376,-25.019215052074458,-49.05572447267911
604,325.50898203592817,840.3312044156014,2.6662100782496854,-70.91854973517434,-21.107651731742216,-46.01310073345827
605,326.0479041916168,836.0287673444755,11.004254883472115,-67.59284713507422,-20.223923378621222,-43.90838525684772
606,326.58682634730536,843.7482409525692,5.630906325872167,-70.01123975448104,-19.626806800136826,-44.81902327730893
607,327.125748502994,848.4392325399623,5.416226759312877,-71.31981572720066,-22.720246419696366,-47.020031073448514
608,327.6646706586826,850.2587948466585,3.252071642069393,-73.72995088191932,-22.082815257601112,-47.90638306976022
609,328.2035928143713,841.7406665682913,2.9008165023584067,-69.61549666528212,-20.42163708976908,-45.0185668775256
610,328.7425149700599,842.7701555464688,4.006114623478641,-70.84965129027671,-17.100399716060373,-43.97502550316854
611,329.28143712574854,839.8624414370042,7.979445512910979,-70.6863380115311,-23.223107542718573,-46.95472277712484
612,329.8203592814371,839.5891787306297,3.938839789500099,-70.43403073015128,-22.572433235526088,-46.503231982838685
613,330.35928143712573,842.4354733979256,6.406168257091294,-70.76347917031231,-18.96748104979063,-44.86548011005147
614,330.89820359281435,842.5249020112633,2.896612644671084,-66.39403512183472,-19.060085754184612,-42.727060438009666
615,331.437125748503,833.8882685622864,5.5814910820841055,-72.49486138113991,-18.437040734079353,-45.46595105760963
616,331.97604790419166,848.8876662002999,3.4222136298169064,-70.86334098009334,-18.77991471161439,-44.82162784585387
617,332.5149700598802,839.1075333749365,2.731409930620125,-68.87818643984153,-21.76315019218965,-45.320668316015585
618,333.05389221556885,840.362703054763,3.829649435062807,-68.22294744223348,-19.315429833223615,-43.76918863772855
619,333.5928143712575,840.0242352989914,2.417516929253732,-67.44762684285598,-18.3284939402725,-42.88806039156424
620,334.1317365269461,838.4951530980115,6.160934532315524,-68.98368651088315,-17.444604122412102,-43.214145316647624
621,334.6706586826347,847.9969635556575,1.65962889693753,-67.07993205644063,-17.352368245733715,-42.21615015108717
622,335.20958083832335,839.3639621396514,10.753564863776113,-69.49908398517984,-20.59716989989141,-45.048126942535625
623,335.748502994012,844.8997629227409,4.372676958503919,-66.24002252567,-18.56733445588704,-42.40367849077852
624,336.2874251497006,846.4025125258765,6.766780955484967,-64.96052636967214,-14.614527896543745,-39.78752713310794
625,336.8263473053892,843.3629462908384,3.6359893441215996,-67.58653675858423,-19.332187361989348,-43.45936206028679
626,337.36526946107784,838.3123196551783,4.339767219410206,-69.20652674583937,-20.056257006835654,-44.63139187633751
627,337.90419161676647,844.5474253109866,4.13156476576587,-67.44127420380967,-16.001550482990417,-41.72141234340005
628,338.4431137724551,849.8162554424514,5.950090124281393,-66.67841136917936,-17.13154807622209,-41.90497972270072
629,338.9820359281437,843.8262654042059,5.170915518592495,-64.72048801457923,-16.185937069633784,-40.453212542106506
630,339.52095808383234,846.9085942488107,3.3213492964777735,-65.96239712044137,-16.663086500441615,-41.312741810441494
631,340.05988023952096,845.2364120873082,3.019326208584066,-67.31128017397818,-17.7478986851497,-42.52958942956394
632,340.5988023952096,853.7432984911504,2.2438125774294897,-63.90265734493357,-16.939605262413444,-40.421131303673505
633,341.1377245508982,854.4319294207129,5.825995515278177,-69.48644433215465,-15.510875741603956,-42.4986600368793
634,341.67664670658684,851.4466510439803,2.662465513544244,-68.66295904227833,-17.329551938336557,-42.99625549030745
635,342.21556886227546,845.276118922399,6.0650493439682815,-64.80251414578618,-17.377754126311263,-41.09013413604872
636,342.754491017964,852.8381130551144,2.3297413381513645,-65.81156597796418,-14.979364459150142,-40.39546521855716
637,343.2934131736527,845.2000964680042,3.4252581657849666,-67.16571090024776,-14.643488330352486,-40.90459961530012
638,343.83233532934133,848.3895202555419,8.050549774385638,-66.58172652336722,-15.736364427444537,-41.15904547540588
639,344.37125748502996,853.0135861715445,2.908924375422963,-64.80457383977154,-16.99455283959665,-40.89956333968409
640,344.9101796407186,845.474069925411,2.473221969703248,-66.97898635414478,-14.959850648988521,-40.96941850156665
641,345.4491017964072,847.1987998027121,7.099947530733802,-63.666341096604526,-16.77402647171522,-40.22018378415987
642,345.9880239520958,847.6388764798351,3.9208867587666414,-65.43176572458424,-17.109762006561056,-41.27076386557265
643,346.5269461077844,849.9395481264373,3.260592167402404,-65.35271826990609,-10.564364480177238,-37.95854137504166
644,347.0658682634731,847.5444361707567,2.809887220443002,-63.936407957506745,-14.305301482298878,-39.12085471990281
645,347.6047904191617,854.2912474622693,4.808251261748595,-67.27772548027146,-12.202298831177465,-39.74001215572446
646,348.1437125748503,844.9921229001585,1.604039776479503,-63.26056181135091,-11.31662869987381,-37.288595255612364
647,348.68263473053895,844.9438671016899,3.5395555996357624,-62.957813808835716,-11.511203189545611,-37.23450849919067
648,349.2215568862275,846.1361874846177,10.804836587408877,-59.24419335004946,-16.573038183524638,-37.90861576678705
649,349.76047904191614,843.0119900299288,4.080999575051002,-66.58314129573732,-9.169291197475841,-37.87621624660658
650,350.29940119760477,849.6730608836194,2.748641164255106,-61.87998765122821,-14.382796750613721,-38.13139220092097
651,350.83832335329345,845.4658794856371,5.34107120311735,-62.653200101469004,-10.907165779280085,-36.780182940374544
652,351.37724550898207,850.3449642123616,1.3179006343319872,-64.18820443315093,-12.176347513514894,-38.182275973332914
653,351.91616766467064,848.5273711818354,8.61948629770645,-63.46641578859638,-11.232117799735516,-37.34926679416595
654,352.45508982035926,836.8956079341667,5.734941232929818,-61.59060782332119,-11.517273345937525,-36.55394058462936
655,352.9940119760479,848.4679643097938,5.292526017420782,-62.98859615963386,-10.096644353755273,-36.54262025669456
656,353.5329341317365,848.740801884267,3.4591021222029856,-61.77127694722115,-16.513073443115275,-39.142175195168214
657,354.07185628742513,859.9152454777656,4.594053741500712,-62.32373711621503,-12.70934272825918,-37.5165399222371
658,354.6107784431138,844.0390626298945,6.034686295609915,-61.77375313312849,-13.027659012395217,-37.40070607276185
659,355.1497005988024,841.0734607052572,7.419826746736676,-63.49369541134816,-15.160556541190415,-39.327125976269286
660,355.688622754491,859.0583642169513,4.318056105165669,-63.1581601961209,-11.990310449273125,-37.574235322697014
661,356.22754491017963,857.8369227127556,4.79318689523376,-59.86207734086119,-12.014937719004179,-35.938507529932686
662,356.76646706586826,846.1691811848951,2.005359126979775,-57.726628051402656,-11.131400173961037,-34.42901411268185
663,357.3053892215569,853.4531356845891,4.386228751155663,-58.925814539548256,-12.647438983383783,-35.78662676146602
664,357.8443113772455,843.447681606854,3.129776823687068,-61.2956055141117,-14.632154873942552,-37.963880194027126
665,358.3832335329341,852.3177562244402,3.386099790722031,-62.32630815322195,-7.858534580459699,-35.092421366840824
666,358.92215568862275,847.4824419785822,5.860088694832779,-57.88094519489746,-6.070953828124719,-31.97594951151109
667,359.4610778443114,852.4874280025203,7.942751945819685,-62.664267663171,-9.429914555801378,-36.04709110948619
668,0.0,862.694753513264,2.5470867974104183,-59.46030264045455,-8.651928337779005,-34.05611548911678
